order_year,order_month,total_revenue,total_orders
2023,1,18359.84,65
2023,2,19066.180000000008,76
2023,3,25553.98000000001,95
2023,4,22057.729999999996,80
2023,5,20235.819999999992,68
2023,6,21312.629999999997,79
2023,7,24843.070000000007,95
2023,8,22095.400000000005,83
2023,9,21618.199999999993,79
2023,10,17905.160000000003,70
2023,11,21889.880000000012,84
2023,12,21908.350000000006,89
