order_year,order_month,total_revenue,total_orders
2023,1,18359.84,65
2023,2,19066.180000000008,76
2023,3,25553.98000000001,95
2023,4,22057.729999999996,80
2023,5,20235.819999999992,68
2023,6,21312.629999999997,79
